ville;date;temperature_min;heure_min;temperature_max;heure_max;unite
New York;2026-09-28;59;05:51:00;63;15:51:00;°F
Londres;2026-09-28;14;06:50:00;19;12:50:00;°C
Paris;2026-09-28;16;05:30:00;24;16:00:00;°C
Madrid;2026-09-28;15;22:30:00;26;00:00:00;°C
Milan;2026-09-28;12;06:20:00;25;14:50:00;°C
Munich;2026-09-28;4;03:50:00;26;15:50:00;°C
Amsterdam;2026-09-28;16;05:25:00;21;11:55:00;°C
Varsovie;2026-09-28;8;05:30:00;21;14:30:00;°C
Helsinski;2026-09-28;5;00:20:00;16;15:20:00;°C
Miami;2026-09-28;76;02:53:00;88;15:53:00;°F
Austin;2026-09-28;70;03:53:00;97;16:53:00;°F
Atlanta;2026-09-28;57;05:52:00;80;16:52:00;°F
Denver;2026-09-28;60;06:58:00;68;09:58:00;°F
Dallas;2026-09-28;79;05:53:00;93;16:53:00;°F
Los Angeles;2026-09-28;68;06:53:00;77;11:53:00;°F
Chicago;2026-09-28;52;06:51:00;72;13:51:00;°F
Houston;2026-09-28;78;04:53:00;92;14:53:00;°F
San Francisco;2026-09-28;57;01:56:00;69;13:56:00;°F
Seattle;2026-09-28;46;05:53:00;64;14:53:00;°F
Tokyo;2026-09-28;22;00:00:00;26;11:30:00;°C
Seoul;2026-09-28;19;22:30:00;23;11:30:00;°C
